True Label,Predicted Label
Healthy,Healthy
Healthy,Healthy
Healthy,Healthy
Healthy,Healthy
Healthy,Healthy
Healthy,Healthy
Healthy,Healthy
Healthy,Healthy
Healthy,Healthy
Healthy,Healthy
Healthy,Healthy
Healthy,Healthy
Healthy,Healthy
Healthy,Healthy
Healthy,Healthy
Healthy,Healthy
Healthy,Healthy
Healthy,Healthy
Healthy,Healthy
Healthy,Healthy
Healthy,Healthy
Healthy,Healthy
Healthy,Healthy
Healthy,Healthy
Healthy,Healthy
Healthy,Healthy
Healthy,Healthy
Healthy,Healthy
Healthy,Healthy
Healthy,Healthy
Healthy,Healthy
Healthy,Healthy
Healthy,Healthy
Healthy,Healthy
Healthy,Healthy
Healthy,Healthy
Healthy,Healthy
Healthy,Healthy
Healthy,Healthy
Healthy,Healthy
Healthy,Healthy
Healthy,Healthy
Healthy,Healthy
Healthy,Healthy
Healthy,Healthy
Healthy,Healthy
Healthy,Healthy
Healthy,Healthy
Healthy,Healthy
Healthy,Healthy
Powdery,Healthy
Powdery,Healthy
Powdery,Healthy
Powdery,Healthy
Powdery,Healthy
Powdery,Healthy
Powdery,Healthy
Powdery,Healthy
Powdery,Healthy
Powdery,Healthy
Powdery,Healthy
Powdery,Healthy
Powdery,Healthy
Powdery,Healthy
Powdery,Healthy
Powdery,Healthy
Powdery,Healthy
Powdery,Healthy
Powdery,Healthy
Powdery,Healthy
Powdery,Healthy
Powdery,Healthy
Powdery,Healthy
Powdery,Healthy
Powdery,Healthy
Powdery,Healthy
Powdery,Healthy
Powdery,Healthy
Powdery,Healthy
Powdery,Healthy
Powdery,Healthy
Powdery,Healthy
Powdery,Healthy
Powdery,Healthy
Powdery,Healthy
Powdery,Healthy
Powdery,Healthy
Powdery,Healthy
Powdery,Healthy
Powdery,Healthy
Powdery,Healthy
Powdery,Healthy
Powdery,Healthy
Powdery,Healthy
Powdery,Healthy
Powdery,Healthy
Powdery,Healthy
Powdery,Healthy
Powdery,Healthy
Powdery,Healthy
Rust,Healthy
Rust,Healthy
Rust,Healthy
Rust,Healthy
Rust,Healthy
Rust,Healthy
Rust,Healthy
Rust,Healthy
Rust,Healthy
Rust,Healthy
Rust,Healthy
Rust,Healthy
Rust,Healthy
Rust,Healthy
Rust,Healthy
Rust,Healthy
Rust,Healthy
Rust,Healthy
Rust,Healthy
Rust,Healthy
Rust,Healthy
Rust,Healthy
Rust,Healthy
Rust,Healthy
Rust,Healthy
Rust,Healthy
Rust,Healthy
Rust,Healthy
Rust,Healthy
Rust,Healthy
Rust,Healthy
Rust,Healthy
Rust,Healthy
Rust,Healthy
Rust,Healthy
Rust,Healthy
Rust,Healthy
Rust,Healthy
Rust,Healthy
Rust,Healthy
Rust,Healthy
Rust,Healthy
Rust,Healthy
Rust,Healthy
Rust,Healthy
Rust,Healthy
Rust,Healthy
Rust,Healthy
Rust,Healthy
Rust,Healthy
